Rousseau;Billy;27-03-1986;bill.rousseau@doc.fr
Gates;Bill;07-03-1971;bill.gates@microsoft.com
Duoquadra;Quarantedeux;04-02-1942;bill.rousseau@student.42.fr
Sansone;Ludovic;19-03-1984;ludovic.sansone@zorglub.com
Foucré;Anne;06-12-1993;anne.foucre@tours.com
Renou;Laura;18-12-1991;laurarenou@gmail.com
Zendronis;Laura;19-07-1994;lzendronis@yahoo.fr
Pinel;Florian;01-01-1981;f.pinel@gmail.com
